filename,path,character_count,flagged_over_50k,missing_page_description
configuration-reference.adoc,docs/reference/modules/ROOT/pages/configuration-reference.adoc,106595,YES,NO
users-organizations-and-integrations-guide.adoc,docs/guides/modules/permissions-authentication/pages/users-organizations-and-integrations-guide.adoc,59069,YES,NO
installation-reference.adoc,docs/server-admin-4.8/modules/installation/pages/installation-reference.adoc,55992,YES,NO
values.adoc,docs/server-admin-4.9/modules/ROOT/partials/installation/values.adoc,55728,YES,YES
installation-reference.adoc,docs/server-admin-4.7/modules/installation/pages/installation-reference.adoc,54223,YES,NO
installation-reference.adoc,docs/server-admin-4.6/modules/installation/pages/installation-reference.adoc,53151,YES,NO
installation-reference.adoc,docs/server-admin-4.5/modules/installation/pages/installation-reference.adoc,52735,YES,YES
installation-reference.adoc,docs/server-admin-4.4/modules/installation/pages/installation-reference.adoc,50125,YES,YES
installation-reference.adoc,docs/server-admin-4.3/modules/installation/pages/installation-reference.adoc,50101,YES,YES
rerun-failed-tests.adoc,docs/guides/modules/test/pages/rerun-failed-tests.adoc,43885,NO,NO
set-up-test-impact-analysis.adoc,docs/guides/modules/test/pages/set-up-test-impact-analysis.adoc,41620,NO,NO
workflows.adoc,docs/guides/modules/orchestrate/pages/workflows.adoc,40301,NO,NO
phase-3.adoc,docs/server-admin-4.9/modules/ROOT/partials/installation/phase-3.adoc,39605,NO,YES
phase-3.adoc,docs/server-admin-4.8/modules/ROOT/partials/installation/phase-3.adoc,39584,NO,YES
phase-3.adoc,docs/server-admin-4.7/modules/ROOT/partials/installation/phase-3.adoc,37252,NO,YES
phase-3-execution-environments.adoc,docs/server-admin-4.6/modules/installation/pages/phase-3-execution-environments.adoc,36518,NO,YES
phase-3-execution-environments.adoc,docs/server-admin-4.5/modules/installation/pages/phase-3-execution-environments.adoc,36387,NO,YES
phase-3-execution-environments.adoc,docs/server-admin-4.4/modules/installation/pages/phase-3-execution-environments.adoc,36078,NO,YES
phase-1.adoc,docs/server-admin-4.9/modules/ROOT/partials/installation/phase-1.adoc,35658,NO,YES
phase-3-execution-environments.adoc,docs/server-admin-4.2/modules/installation/pages/phase-3-execution-environments.adoc,35657,NO,YES
phase-1.adoc,docs/server-admin-4.8/modules/ROOT/partials/installation/phase-1.adoc,35589,NO,YES
phase-1-prerequisites.adoc,docs/server-admin-4.5/modules/installation/pages/phase-1-prerequisites.adoc,34479,NO,NO
phase-1-prerequisites.adoc,docs/server-admin-4.6/modules/installation/pages/phase-1-prerequisites.adoc,34475,NO,NO
phase-1.adoc,docs/server-admin-4.7/modules/ROOT/partials/installation/phase-1.adoc,34405,NO,YES
reusing-config.adoc,docs/reference/modules/ROOT/pages/reusing-config.adoc,33956,NO,NO
how-to-use-the-circleci-local-cli.adoc,docs/guides/modules/toolkit/pages/how-to-use-the-circleci-local-cli.adoc,33635,NO,NO
phase-1-prerequisites.adoc,docs/server-admin-4.4/modules/installation/pages/phase-1-prerequisites.adoc,33616,NO,NO
phase-3-execution-environments.adoc,docs/server-admin-4.3/modules/installation/pages/phase-3-execution-environments.adoc,33119,NO,NO
installation-reference.adoc,docs/server-admin-4.2/modules/installation/pages/installation-reference.adoc,33007,NO,YES
pipeline-values.adoc,docs/guides/modules/ROOT/partials/pipelines-and-triggers/pipeline-values.adoc,33004,NO,YES
phase-1-prerequisites.adoc,docs/server-admin-4.3/modules/installation/pages/phase-1-prerequisites.adoc,32528,NO,NO
contexts.adoc,docs/guides/modules/security/pages/contexts.adoc,31512,NO,NO
phase-1-prerequisites.adoc,docs/server-admin-4.2/modules/installation/pages/phase-1-prerequisites.adoc,31048,NO,NO
phase-2.adoc,docs/server-admin-4.7/modules/ROOT/partials/installation/phase-2.adoc,30869,NO,YES
api-developers-guide.adoc,docs/guides/modules/toolkit/pages/api-developers-guide.adoc,30717,NO,NO
phase-2-core-services.adoc,docs/server-admin-4.4/modules/installation/pages/phase-2-core-services.adoc,30441,NO,NO
phase-2-core-services.adoc,docs/server-admin-4.6/modules/installation/pages/phase-2-core-services.adoc,30031,NO,NO
phase-2-core-services.adoc,docs/server-admin-4.5/modules/installation/pages/phase-2-core-services.adoc,30011,NO,NO
openid-connect-tokens.adoc,docs/guides/modules/permissions-authentication/pages/openid-connect-tokens.adoc,29969,NO,NO
phase-2.adoc,docs/server-admin-4.9/modules/ROOT/partials/installation/phase-2.adoc,29885,NO,YES
phase-2.adoc,docs/server-admin-4.8/modules/ROOT/partials/installation/phase-2.adoc,29885,NO,YES
using-dynamic-configuration.adoc,docs/guides/modules/orchestrate/pages/using-dynamic-configuration.adoc,29454,NO,NO
phase-2-core-services.adoc,docs/server-admin-4.3/modules/installation/pages/phase-2-core-services.adoc,29301,NO,NO
phase-2-core-services.adoc,docs/server-admin-4.2/modules/installation/pages/phase-2-core-services.adoc,29189,NO,NO
concepts.adoc,docs/guides/modules/about-circleci/pages/concepts.adoc,27750,NO,NO
config-policy-management-overview.adoc,docs/guides/modules/config-policies/pages/config-policy-management-overview.adoc,27598,NO,NO
sample-config.adoc,docs/guides/modules/toolkit/pages/sample-config.adoc,26085,NO,NO
container-runner.adoc,docs/guides/modules/execution-runner/pages/container-runner.adoc,25836,NO,NO
use-the-circleci-cli-to-split-tests.adoc,docs/guides/modules/optimize/pages/use-the-circleci-cli-to-split-tests.adoc,25629,NO,NO
caching.adoc,docs/guides/modules/optimize/pages/caching.adoc,25616,NO,NO
create-test-and-publish-a-registry-orb.adoc,docs/orbs/modules/author/pages/create-test-and-publish-a-registry-orb.adoc,25271,NO,NO
collect-test-data.adoc,docs/guides/modules/test/pages/collect-test-data.adoc,25268,NO,NO
chunk-setup-and-overview.adoc,docs/guides/modules/toolkit/pages/chunk-setup-and-overview.adoc,24692,NO,NO
manage-contexts-with-config-policies.adoc,docs/guides/modules/config-policies/pages/manage-contexts-with-config-policies.adoc,24384,NO,NO
set-up-rollbacks.adoc,docs/guides/modules/deploy/pages/set-up-rollbacks.adoc,24156,NO,YES
set-up-deploys.adoc,docs/guides/modules/deploy/pages/set-up-deploys.adoc,22358,NO,YES
test-config-policies.adoc,docs/guides/modules/config-policies/pages/test-config-policies.adoc,21886,NO,NO
test-splitting-tutorial.adoc,docs/guides/modules/test/pages/test-splitting-tutorial.adoc,20896,NO,NO
nav.adoc,docs/guides/modules/ROOT/nav.adoc,19970,NO,YES
orb-concepts.adoc,docs/orbs/modules/use/pages/orb-concepts.adoc,19443,NO,NO
orchestration-cookbook.adoc,docs/guides/modules/orchestrate/pages/orchestration-cookbook.adoc,19324,NO,NO
introduction-to-the-circleci-web-app.adoc,docs/guides/modules/about-circleci/pages/introduction-to-the-circleci-web-app.adoc,19133,NO,NO
deployment-overview.adoc,docs/guides/modules/deploy/pages/deployment-overview.adoc,18689,NO,NO
create-project.adoc,docs/guides/modules/getting-started/pages/create-project.adoc,18606,NO,NO
custom-images.adoc,docs/guides/modules/execution-managed/pages/custom-images.adoc,18304,NO,NO
audit-logs.adoc,docs/guides/modules/security/pages/audit-logs.adoc,17856,NO,NO
self-hosted-runner-faq-snip.adoc,docs/guides/modules/ROOT/partials/faq/self-hosted-runner-faq-snip.adoc,17658,NO,YES
deploy-ios-applications.adoc,docs/guides/modules/deploy/pages/deploy-ios-applications.adoc,17532,NO,NO
circleci-images.adoc,docs/guides/modules/execution-managed/pages/circleci-images.adoc,17379,NO,NO
vs-code-extension-overview.adoc,docs/guides/modules/toolkit/pages/vs-code-extension-overview.adoc,16801,NO,NO
outbound-webhooks-reference.adoc,docs/reference/modules/ROOT/pages/outbound-webhooks-reference.adoc,16587,NO,YES
caching-strategy.adoc,docs/guides/modules/optimize/pages/caching-strategy.adoc,16268,NO,NO
config-intro.adoc,docs/guides/modules/getting-started/pages/config-intro.adoc,15958,NO,NO
container-runner-performance-benchmarks.adoc,docs/guides/modules/execution-runner/pages/container-runner-performance-benchmarks.adoc,15769,NO,NO
orbs-best-practices.adoc,docs/orbs/modules/author/pages/orbs-best-practices.adoc,15702,NO,NO
configure-deploy-markers.adoc,docs/guides/modules/deploy/pages/configure-deploy-markers.adoc,15617,NO,NO
how-to-override-config.adoc,docs/guides/modules/orchestrate/pages/how-to-override-config.adoc,14824,NO,NO
billing-faq-snip.adoc,docs/guides/modules/ROOT/partials/faq/billing-faq-snip.adoc,14477,NO,YES
using-the-circleci-mcp-server.adoc,docs/guides/modules/toolkit/pages/using-the-circleci-mcp-server.adoc,14390,NO,NO
self-hosted-runner-troubleshoot-snip.adoc,docs/guides/modules/ROOT/partials/troubleshoot/self-hosted-runner-troubleshoot-snip.adoc,14352,NO,YES
getting-started-with-smarter-testing.adoc,docs/guides/modules/test/pages/getting-started-with-smarter-testing.adoc,14261,NO,NO
deploy-android-applications.adoc,docs/guides/modules/deploy/pages/deploy-android-applications.adoc,14260,NO,NO
testing-orbs.adoc,docs/orbs/modules/author/pages/testing-orbs.adoc,14097,NO,NO
fix-flaky-tests.adoc,docs/guides/modules/test/pages/fix-flaky-tests.adoc,13983,NO,NO
browser-testing.adoc,docs/guides/modules/test/pages/browser-testing.adoc,13937,NO,NO
persist-data.adoc,docs/guides/modules/optimize/pages/persist-data.adoc,13705,NO,NO
parallelism-faster-jobs.adoc,docs/guides/modules/optimize/pages/parallelism-faster-jobs.adoc,13659,NO,NO
testing-ios.adoc,docs/guides/modules/test/pages/testing-ios.adoc,13464,NO,NO
github-trigger-event-options.adoc,docs/guides/modules/orchestrate/pages/github-trigger-event-options.adoc,13181,NO,NO
env-vars.adoc,docs/guides/modules/security/pages/env-vars.adoc,13149,NO,NO
pipelines.adoc,docs/guides/modules/orchestrate/pages/pipelines.adoc,13069,NO,NO
slack-orb-tutorial.adoc,docs/guides/modules/getting-started/pages/slack-orb-tutorial.adoc,12901,NO,NO
roles-and-permissions-overview.adoc,docs/guides/modules/permissions-authentication/pages/roles-and-permissions-overview.adoc,12755,NO,NO
configuring-external-services.adoc,docs/server-admin-4.8/modules/operator/pages/configuring-external-services.adoc,12565,NO,NO
configuring-external-services.adoc,docs/server-admin-4.9/modules/operator/pages/configuring-external-services.adoc,12543,NO,NO
artifacts.adoc,docs/guides/modules/optimize/pages/artifacts.adoc,12513,NO,NO
using-macos.adoc,docs/guides/modules/execution-managed/pages/using-macos.adoc,12446,NO,NO
environment-cli-usage-guide.adoc,docs/guides/modules/toolkit/pages/environment-cli-usage-guide.adoc,12396,NO,NO
using-docker.adoc,docs/guides/modules/execution-managed/pages/using-docker.adoc,12315,NO,NO
version-control-system-integration-overview.adoc,docs/guides/modules/integration/pages/version-control-system-integration-overview.adoc,12310,NO,NO
machine-runner-3-configuration-reference.adoc,docs/guides/modules/execution-runner/pages/machine-runner-3-configuration-reference.adoc,12309,NO,YES
configuring-external-services.adoc,docs/server-admin-4.4/modules/operator/pages/configuring-external-services.adoc,12303,NO,NO
configuring-external-services.adoc,docs/server-admin-4.3/modules/operator/pages/configuring-external-services.adoc,12303,NO,NO
configuring-external-services.adoc,docs/server-admin-4.5/modules/operator/pages/configuring-external-services.adoc,12303,NO,NO
configuring-external-services.adoc,docs/server-admin-4.7/modules/operator/pages/configuring-external-services.adoc,12303,NO,NO
configuring-external-services.adoc,docs/server-admin-4.6/modules/operator/pages/configuring-external-services.adoc,12303,NO,NO
configuring-external-services.adoc,docs/server-admin-4.2/modules/operator/pages/configuring-external-services.adoc,12302,NO,NO
configure-your-kubernetes-components.adoc,docs/guides/modules/deploy/pages/configure-your-kubernetes-components.adoc,12055,NO,NO
hardening-your-cluster.adoc,docs/server-admin-4.2/modules/installation/pages/hardening-your-cluster.adoc,12052,NO,NO
circleci-server-overview.adoc,docs/server-admin-4.7/modules/overview/pages/circleci-server-overview.adoc,11902,NO,NO
using-windows.adoc,docs/guides/modules/execution-managed/pages/using-windows.adoc,11891,NO,NO
circleci-server-overview.adoc,docs/server-admin-4.9/modules/overview/pages/circleci-server-overview.adoc,11859,NO,NO
circleci-server-overview.adoc,docs/server-admin-4.8/modules/overview/pages/circleci-server-overview.adoc,11843,NO,NO
circleci-server-security-features.adoc,docs/server-admin-4.2/modules/operator/pages/circleci-server-security-features.adoc,11749,NO,NO
circleci-server-security-features.adoc,docs/server-admin-4.7/modules/operator/pages/circleci-server-security-features.adoc,11748,NO,NO
circleci-server-security-features.adoc,docs/server-admin-4.6/modules/operator/pages/circleci-server-security-features.adoc,11747,NO,NO
circleci-server-security-features.adoc,docs/server-admin-4.4/modules/operator/pages/circleci-server-security-features.adoc,11736,NO,NO
circleci-server-security-features.adoc,docs/server-admin-4.5/modules/operator/pages/circleci-server-security-features.adoc,11736,NO,NO
circleci-server-security-features.adoc,docs/server-admin-4.8/modules/operator/pages/circleci-server-security-features.adoc,11726,NO,NO
circleci-server-security-features.adoc,docs/server-admin-4.3/modules/operator/pages/circleci-server-security-features.adoc,11723,NO,NO
circleci-server-security-features.adoc,docs/server-admin-4.9/modules/operator/pages/circleci-server-security-features.adoc,11719,NO,NO
expanding-internal-database-volumes.adoc,docs/server-admin-4.3/modules/operator/pages/expanding-internal-database-volumes.adoc,11666,NO,NO
expanding-internal-database-volumes.adoc,docs/server-admin-4.7/modules/operator/pages/expanding-internal-database-volumes.adoc,11641,NO,NO
expanding-internal-database-volumes.adoc,docs/server-admin-4.6/modules/operator/pages/expanding-internal-database-volumes.adoc,11641,NO,NO
circleci-server-overview.adoc,docs/server-admin-4.4/modules/overview/pages/circleci-server-overview.adoc,11637,NO,NO
circleci-server-overview.adoc,docs/server-admin-4.5/modules/overview/pages/circleci-server-overview.adoc,11637,NO,NO
circleci-server-overview.adoc,docs/server-admin-4.6/modules/overview/pages/circleci-server-overview.adoc,11637,NO,NO
controlling-serial-execution-across-your-organization.adoc,docs/guides/modules/orchestrate/pages/controlling-serial-execution-across-your-organization.adoc,11605,NO,NO
managing-url-orbs-allow-lists.adoc,docs/orbs/modules/use/pages/managing-url-orbs-allow-lists.adoc,11589,NO,NO
expanding-internal-database-volumes.adoc,docs/server-admin-4.5/modules/operator/pages/expanding-internal-database-volumes.adoc,11560,NO,YES
expanding-internal-database-volumes.adoc,docs/server-admin-4.4/modules/operator/pages/expanding-internal-database-volumes.adoc,11559,NO,YES
expanding-internal-database-volumes.adoc,docs/server-admin-4.2/modules/operator/pages/expanding-internal-database-volumes.adoc,11559,NO,YES
expanding-internal-database-volumes.adoc,docs/server-admin-4.9/modules/operator/pages/expanding-internal-database-volumes.adoc,11515,NO,NO
expanding-internal-database-volumes.adoc,docs/server-admin-4.8/modules/operator/pages/expanding-internal-database-volumes.adoc,11482,NO,NO
automatic-reruns.adoc,docs/guides/modules/orchestrate/pages/automatic-reruns.adoc,11298,NO,NO
migrating-from-travis.adoc,docs/guides/modules/migrate/pages/migrating-from-travis.adoc,11244,NO,NO
orb-intro.adoc,docs/orbs/modules/use/pages/orb-intro.adoc,11240,NO,NO
create-and-manage-config-policies.adoc,docs/guides/modules/config-policies/pages/create-and-manage-config-policies.adoc,11238,NO,NO
pipeline-variables.adoc,docs/guides/modules/orchestrate/pages/pipeline-variables.adoc,11142,NO,NO
code-coverage.adoc,docs/guides/modules/test/pages/code-coverage.adoc,11089,NO,NO
local-cli.adoc,docs/guides/modules/toolkit/pages/local-cli.adoc,10922,NO,NO
create-test-and-use-url-orbs.adoc,docs/orbs/modules/author/pages/create-test-and-use-url-orbs.adoc,10897,NO,NO
triggers-overview.adoc,docs/guides/modules/orchestrate/pages/triggers-overview.adoc,10845,NO,NO
dynamic-config.adoc,docs/guides/modules/orchestrate/pages/dynamic-config.adoc,10810,NO,NO
migrating-from-teamcity.adoc,docs/guides/modules/migrate/pages/migrating-from-teamcity.adoc,10809,NO,NO
using-the-circleci-github-app-in-an-oauth-org.adoc,docs/guides/modules/integration/pages/using-the-circleci-github-app-in-an-oauth-org.adoc,10706,NO,NO
introduction-to-nomad-cluster-operation.adoc,docs/server-admin-4.8/modules/operator/pages/introduction-to-nomad-cluster-operation.adoc,10681,NO,NO
introduction-to-nomad-cluster-operation.adoc,docs/server-admin-4.9/modules/operator/pages/introduction-to-nomad-cluster-operation.adoc,10663,NO,NO
circleci-server-overview.adoc,docs/server-admin-4.2/modules/overview/pages/circleci-server-overview.adoc,10087,NO,NO
hardening-your-cluster.adoc,docs/server-admin-4.6/modules/installation/pages/hardening-your-cluster.adoc,10044,NO,NO
config-policy-reference.adoc,docs/guides/modules/config-policies/pages/config-policy-reference.adoc,10023,NO,NO
hardening-your-cluster.adoc,docs/server-admin-4.4/modules/installation/pages/hardening-your-cluster.adoc,10019,NO,NO
hardening-your-cluster.adoc,docs/server-admin-4.5/modules/installation/pages/hardening-your-cluster.adoc,10019,NO,NO
hardening-your-cluster.adoc,docs/server-admin-4.9/modules/installation/pages/hardening-your-cluster.adoc,10019,NO,NO
private-images.adoc,docs/guides/modules/execution-managed/pages/private-images.adoc,9951,NO,NO
hardening-your-cluster.adoc,docs/server-admin-4.7/modules/installation/pages/hardening-your-cluster.adoc,9949,NO,NO
hardening-your-cluster.adoc,docs/server-admin-4.8/modules/installation/pages/hardening-your-cluster.adoc,9927,NO,NO
executor-intro.adoc,docs/guides/modules/execution-managed/pages/executor-intro.adoc,9897,NO,NO
hardening-your-cluster.adoc,docs/server-admin-4.3/modules/installation/pages/hardening-your-cluster.adoc,9888,NO,NO
variables.adoc,docs/reference/modules/ROOT/pages/variables.adoc,9802,NO,NO
jobs-steps.adoc,docs/guides/modules/orchestrate/pages/jobs-steps.adoc,9678,NO,NO
orb-author.adoc,docs/orbs/modules/author/pages/orb-author.adoc,9528,NO,NO
set-up-the-circleci-release-agent.adoc,docs/guides/modules/deploy/pages/set-up-the-circleci-release-agent.adoc,9426,NO,NO
oss.adoc,docs/guides/modules/integration/pages/oss.adoc,9362,NO,NO
testing-macos.adoc,docs/guides/modules/test/pages/testing-macos.adoc,9356,NO,NO
postgres-config.adoc,docs/guides/modules/toolkit/pages/postgres-config.adoc,9344,NO,NO
circleci-server-overview.adoc,docs/server-admin-4.3/modules/overview/pages/circleci-server-overview.adoc,9310,NO,NO
manage-releases.adoc,docs/guides/modules/deploy/pages/manage-releases.adoc,9251,NO,NO
android-machine-image.adoc,docs/guides/modules/execution-managed/pages/android-machine-image.adoc,9110,NO,NO
rotate-project-ssh-keys.adoc,docs/guides/modules/security/pages/rotate-project-ssh-keys.adoc,9069,NO,NO
ip-ranges.adoc,docs/guides/modules/security/pages/ip-ranges.adoc,9044,NO,NO
optimizations.adoc,docs/guides/modules/optimize/pages/optimizations.adoc,8978,NO,NO
deploy-service-update-to-aws-ecs.adoc,docs/guides/modules/deploy/pages/deploy-service-update-to-aws-ecs.adoc,8956,NO,NO
introduction-to-yaml-configurations.adoc,docs/guides/modules/getting-started/pages/introduction-to-yaml-configurations.adoc,8948,NO,NO
deploy-to-aws.adoc,docs/guides/modules/deploy/pages/deploy-to-aws.adoc,8832,NO,NO
automate-llm-evaluation-testing-with-the-circleci-evals-orb.adoc,docs/guides/modules/test/pages/automate-llm-evaluation-testing-with-the-circleci-evals-orb.adoc,8786,NO,NO
set-up-triggers.adoc,docs/guides/modules/orchestrate/pages/set-up-triggers.adoc,8659,NO,NO
create-an-inline-orb.adoc,docs/orbs/modules/author/pages/create-an-inline-orb.adoc,8634,NO,NO
manual-orb-authoring-process.adoc,docs/orbs/modules/author/pages/manual-orb-authoring-process.adoc,8590,NO,NO
databases.adoc,docs/guides/modules/orchestrate/pages/databases.adoc,8581,NO,NO
install-machine-runner-3-on-macos.adoc,docs/guides/modules/execution-runner/pages/install-machine-runner-3-on-macos.adoc,8539,NO,NO
testing-llm-enabled-applications-through-evaluations.adoc,docs/guides/modules/test/pages/testing-llm-enabled-applications-through-evaluations.adoc,8463,NO,NO
language-javascript.adoc,docs/guides/modules/getting-started/pages/language-javascript.adoc,8440,NO,NO
security-recommendations.adoc,docs/guides/modules/security/pages/security-recommendations.adoc,8432,NO,NO
hello-world.adoc,docs/guides/modules/getting-started/pages/hello-world.adoc,8349,NO,NO
phase-2-configure-object-storage.adoc,docs/server-admin-4.5/modules/air-gapped-installation/pages/phase-2-configure-object-storage.adoc,8322,NO,NO
phase-2-configure-object-storage.adoc,docs/server-admin-4.7/modules/air-gapped-installation/pages/phase-2-configure-object-storage.adoc,8322,NO,NO
phase-2-configure-object-storage.adoc,docs/server-admin-4.6/modules/air-gapped-installation/pages/phase-2-configure-object-storage.adoc,8322,NO,NO
migrating-from-jenkins.adoc,docs/guides/modules/migrate/pages/migrating-from-jenkins.adoc,8245,NO,NO
getting-started.adoc,docs/guides/modules/getting-started/pages/getting-started.adoc,8196,NO,NO
ios-codesigning.adoc,docs/guides/modules/execution-managed/pages/ios-codesigning.adoc,8139,NO,NO
migrating-from-github.adoc,docs/guides/modules/migrate/pages/migrating-from-github.adoc,8135,NO,NO
language-go.adoc,docs/guides/modules/getting-started/pages/language-go.adoc,8014,NO,NO
language-python.adoc,docs/guides/modules/getting-started/pages/language-python.adoc,7998,NO,NO
runner-overview.adoc,docs/guides/modules/execution-runner/pages/runner-overview.adoc,7946,NO,NO
phase-2-configure-object-storage.adoc,docs/server-admin-4.8/modules/air-gapped-installation/pages/phase-2-configure-object-storage.adoc,7941,NO,NO
phase-2-configure-object-storage.adoc,docs/server-admin-4.9/modules/air-gapped-installation/pages/phase-2-configure-object-storage.adoc,7919,NO,NO
ssh-access-jobs.adoc,docs/guides/modules/execution-managed/pages/ssh-access-jobs.adoc,7900,NO,NO
phase-3-install-circleci-server.adoc,docs/server-admin-4.7/modules/air-gapped-installation/pages/phase-3-install-circleci-server.adoc,7810,NO,NO
docker-layer-caching.adoc,docs/guides/modules/optimize/pages/docker-layer-caching.adoc,7789,NO,NO
template-how-to.adoc,docs/contributors/modules/templates/pages/template-how-to.adoc,7788,NO,NO
outbound-webhooks.adoc,docs/guides/modules/integration/pages/outbound-webhooks.adoc,7641,NO,NO
container-runner-installation.adoc,docs/guides/modules/execution-runner/pages/container-runner-installation.adoc,7634,NO,NO
phase-3-install-circleci-server.adoc,docs/server-admin-4.5/modules/air-gapped-installation/pages/phase-3-install-circleci-server.adoc,7590,NO,NO
phase-3-install-circleci-server.adoc,docs/server-admin-4.6/modules/air-gapped-installation/pages/phase-3-install-circleci-server.adoc,7590,NO,NO
status-badges.adoc,docs/guides/modules/integration/pages/status-badges.adoc,7566,NO,NO
how-to-find-ids.adoc,docs/guides/modules/toolkit/pages/how-to-find-ids.adoc,7565,NO,NO
set-environment-variable.adoc,docs/guides/modules/security/pages/set-environment-variable.adoc,7520,NO,NO
java-oom.adoc,docs/guides/modules/optimize/pages/java-oom.adoc,7495,NO,NO
phase-2-configure-object-storage.adoc,docs/server-admin-4.4/modules/air-gapped-installation/pages/phase-2-configure-object-storage.adoc,7483,NO,NO
publish-packages-to-packagecloud.adoc,docs/guides/modules/deploy/pages/publish-packages-to-packagecloud.adoc,7438,NO,NO
phase-3-install-circleci-server.adoc,docs/server-admin-4.8/modules/air-gapped-installation/pages/phase-3-install-circleci-server.adoc,7416,NO,NO
building-docker-images.adoc,docs/guides/modules/execution-managed/pages/building-docker-images.adoc,7399,NO,NO
phase-3-install-circleci-server.adoc,docs/server-admin-4.9/modules/air-gapped-installation/pages/phase-3-install-circleci-server.adoc,7397,NO,NO
upgrade-server.adoc,docs/server-admin-4.3/modules/installation/pages/upgrade-server.adoc,7357,NO,NO
phase-3-install-circleci-server.adoc,docs/server-admin-4.4/modules/air-gapped-installation/pages/phase-3-install-circleci-server.adoc,7324,NO,NO
upgrade-mongo.adoc,docs/server-admin-4.9/modules/operator/pages/upgrade-mongo.adoc,7317,NO,NO
runner-api.adoc,docs/guides/modules/execution-runner/pages/runner-api.adoc,7297,NO,NO
template-conceptual.adoc,docs/contributors/modules/templates/pages/template-conceptual.adoc,7206,NO,NO
workspaces.adoc,docs/guides/modules/orchestrate/pages/workspaces.adoc,7150,NO,NO
test.adoc,docs/guides/modules/test/pages/test.adoc,7141,NO,NO
manage-virtual-machines-with-vm-service.adoc,docs/server-admin-4.2/modules/operator/pages/manage-virtual-machines-with-vm-service.adoc,7084,NO,NO
use-dynamic-test-splitting.adoc,docs/guides/modules/test/pages/use-dynamic-test-splitting.adoc,7035,NO,NO
enable-checks.adoc,docs/guides/modules/integration/pages/enable-checks.adoc,7018,NO,NO
insights-glossary.adoc,docs/guides/modules/insights/pages/insights-glossary.adoc,7010,NO,NO
phase-1-prerequisites.adoc,docs/server-admin-4.6/modules/air-gapped-installation/pages/phase-1-prerequisites.adoc,6969,NO,NO
migration-intro.adoc,docs/guides/modules/migrate/pages/migration-intro.adoc,6963,NO,NO
ecs-ecr.adoc,docs/guides/modules/deploy/pages/ecs-ecr.adoc,6877,NO,NO
migrating-from-aws.adoc,docs/guides/modules/migrate/pages/migrating-from-aws.adoc,6784,NO,NO
orb-author-faq-snip.adoc,docs/guides/modules/ROOT/partials/faq/orb-author-faq-snip.adoc,6784,NO,YES
phase-1-prerequisites.adoc,docs/server-admin-4.7/modules/air-gapped-installation/pages/phase-1-prerequisites.adoc,6783,NO,NO
manage-virtual-machines-with-machine-provisioner.adoc,docs/server-admin-4.5/modules/operator/pages/manage-virtual-machines-with-machine-provisioner.adoc,6744,NO,NO
manage-virtual-machines-with-machine-provisioner.adoc,docs/server-admin-4.7/modules/operator/pages/manage-virtual-machines-with-machine-provisioner.adoc,6742,NO,NO
migrating-from-azuredevops.adoc,docs/guides/modules/migrate/pages/migrating-from-azuredevops.adoc,6692,NO,NO
troubleshoot-test-splitting.adoc,docs/guides/modules/test/pages/troubleshoot-test-splitting.adoc,6686,NO,NO
phase-3-install-circleci-server.adoc,docs/server-admin-4.3/modules/air-gapped-installation/pages/phase-3-install-circleci-server.adoc,6681,NO,NO
phase-3-install-circleci-server.adoc,docs/server-admin-4.2/modules/air-gapped-installation/pages/phase-3-install-circleci-server.adoc,6653,NO,NO
phase-1-prerequisites.adoc,docs/server-admin-4.5/modules/air-gapped-installation/pages/phase-1-prerequisites.adoc,6645,NO,NO
manage-virtual-machines-with-machine-provisioner.adoc,docs/server-admin-4.9/modules/operator/pages/manage-virtual-machines-with-machine-provisioner.adoc,6619,NO,NO
manage-virtual-machines-with-machine-provisioner.adoc,docs/server-admin-4.4/modules/operator/pages/manage-virtual-machines-with-machine-provisioner.adoc,6601,NO,NO
manage-virtual-machines-with-machine-provisioner.adoc,docs/server-admin-4.6/modules/operator/pages/manage-virtual-machines-with-machine-provisioner.adoc,6591,NO,NO
manage-virtual-machines-with-machine-provisioner.adoc,docs/server-admin-4.8/modules/operator/pages/manage-virtual-machines-with-machine-provisioner.adoc,6578,NO,NO
using-images.adoc,docs/contributors/modules/docs-style/pages/using-images.adoc,6544,NO,NO
manage-virtual-machines-with-machine-provisioner.adoc,docs/server-admin-4.3/modules/operator/pages/manage-virtual-machines-with-machine-provisioner.adoc,6520,NO,NO
get-started-with-the-vs-code-extension.adoc,docs/guides/modules/toolkit/pages/get-started-with-the-vs-code-extension.adoc,6514,NO,NO
phase-1-prerequisites.adoc,docs/server-admin-4.4/modules/air-gapped-installation/pages/phase-1-prerequisites.adoc,6492,NO,NO
rollback-a-deployment.adoc,docs/guides/modules/deploy/pages/rollback-a-deployment.adoc,6462,NO,YES
phase-1-prerequisites.adoc,docs/server-admin-4.8/modules/air-gapped-installation/pages/phase-1-prerequisites.adoc,6394,NO,NO
phase-1-prerequisites.adoc,docs/server-admin-4.2/modules/air-gapped-installation/pages/phase-1-prerequisites.adoc,6345,NO,NO
config-policies-for-self-hosted-runner.adoc,docs/guides/modules/config-policies/pages/config-policies-for-self-hosted-runner.adoc,6321,NO,NO
first-steps.adoc,docs/guides/modules/getting-started/pages/first-steps.adoc,6291,NO,NO
glossary.adoc,docs/reference/modules/ROOT/pages/glossary.adoc,6288,NO,NO
security.adoc,docs/guides/modules/security/pages/security.adoc,6262,NO,NO
mfa.adoc,docs/guides/modules/permissions-authentication/pages/mfa.adoc,6246,NO,NO
set-up-multiple-configuration-files-for-a-project.adoc,docs/guides/modules/orchestrate/pages/set-up-multiple-configuration-files-for-a-project.adoc,6210,NO,NO
resource-consumption-cost-management.adoc,docs/server-admin-4.9/modules/operator/pages/resource-consumption-cost-management.adoc,6202,NO,NO
resource-consumption-cost-management.adoc,docs/server-admin-4.8/modules/operator/pages/resource-consumption-cost-management.adoc,6202,NO,NO
add-ssh-key.adoc,docs/guides/modules/integration/pages/add-ssh-key.adoc,6090,NO,NO
introduction-to-nomad-cluster-operation.adoc,docs/server-admin-4.7/modules/operator/pages/introduction-to-nomad-cluster-operation.adoc,6031,NO,NO
introduction-to-nomad-cluster-operation.adoc,docs/server-admin-4.6/modules/operator/pages/introduction-to-nomad-cluster-operation.adoc,6031,NO,NO
introduction-to-nomad-cluster-operation.adoc,docs/server-admin-4.4/modules/operator/pages/introduction-to-nomad-cluster-operation.adoc,6023,NO,NO
introduction-to-nomad-cluster-operation.adoc,docs/server-admin-4.2/modules/operator/pages/introduction-to-nomad-cluster-operation.adoc,6023,NO,NO
introduction-to-nomad-cluster-operation.adoc,docs/server-admin-4.5/modules/operator/pages/introduction-to-nomad-cluster-operation.adoc,6023,NO,NO
introduction-to-nomad-cluster-operation.adoc,docs/server-admin-4.3/modules/operator/pages/introduction-to-nomad-cluster-operation.adoc,6006,NO,NO
notify-a-slack-channel-of-a-paused-workflow.adoc,docs/guides/modules/orchestrate/pages/notify-a-slack-channel-of-a-paused-workflow.adoc,5956,NO,NO
phase-1-prerequisites.adoc,docs/server-admin-4.3/modules/air-gapped-installation/pages/phase-1-prerequisites.adoc,5944,NO,NO
migrating-from-gitlab.adoc,docs/guides/modules/migrate/pages/migrating-from-gitlab.adoc,5854,NO,NO
template-tutorial.adoc,docs/contributors/modules/templates/pages/template-tutorial.adoc,5848,NO,NO
custom-webhooks.adoc,docs/guides/modules/orchestrate/pages/custom-webhooks.adoc,5830,NO,NO
webhooks-airtable.adoc,docs/guides/modules/integration/pages/webhooks-airtable.adoc,5821,NO,NO
backup-and-restore.adoc,docs/server-admin-4.7/modules/operator/pages/backup-and-restore.adoc,5741,NO,NO
schedule-triggers.adoc,docs/guides/modules/orchestrate/pages/schedule-triggers.adoc,5734,NO,NO
xcode-policy.adoc,docs/guides/modules/execution-managed/pages/xcode-policy.adoc,5714,NO,NO
pipelines-troubleshoot-snip.adoc,docs/guides/modules/ROOT/partials/troubleshoot/pipelines-troubleshoot-snip.adoc,5710,NO,YES
skip-build.adoc,docs/guides/modules/orchestrate/pages/skip-build.adoc,5688,NO,NO
backup-and-restore.adoc,docs/server-admin-4.8/modules/operator/pages/backup-and-restore.adoc,5663,NO,NO
migrating-from-buildkite.adoc,docs/guides/modules/migrate/pages/migrating-from-buildkite.adoc,5659,NO,NO
backup-and-restore.adoc,docs/server-admin-4.9/modules/operator/pages/backup-and-restore.adoc,5641,NO,NO
docker-compose.adoc,docs/guides/modules/execution-managed/pages/docker-compose.adoc,5548,NO,NO
machine-convenience-image-lifecycle.adoc,docs/guides/modules/execution-managed/pages/machine-convenience-image-lifecycle.adoc,5513,NO,NO
notifications.adoc,docs/guides/modules/integration/pages/notifications.adoc,5497,NO,NO
phase-2-configure-object-storage.adoc,docs/server-admin-4.2/modules/air-gapped-installation/pages/phase-2-configure-object-storage.adoc,5381,NO,NO
phase-2-configure-object-storage.adoc,docs/server-admin-4.3/modules/air-gapped-installation/pages/phase-2-configure-object-storage.adoc,5360,NO,NO
install-machine-runner-3-on-windows.adoc,docs/guides/modules/execution-runner/pages/install-machine-runner-3-on-windows.adoc,5274,NO,NO
additional-considerations.adoc,docs/server-admin-4.8/modules/air-gapped-installation/pages/additional-considerations.adoc,5177,NO,NO
resource-class-lifecycle.adoc,docs/guides/modules/execution-managed/pages/resource-class-lifecycle.adoc,5173,NO,YES
remote-docker-images-support-policy.adoc,docs/guides/modules/execution-managed/pages/remote-docker-images-support-policy.adoc,5162,NO,NO
additional-considerations.adoc,docs/server-admin-4.7/modules/air-gapped-installation/pages/additional-considerations.adoc,5162,NO,NO
additional-considerations.adoc,docs/server-admin-4.6/modules/air-gapped-installation/pages/additional-considerations.adoc,5162,NO,NO
additional-considerations.adoc,docs/server-admin-4.4/modules/air-gapped-installation/pages/additional-considerations.adoc,5161,NO,NO
additional-considerations.adoc,docs/server-admin-4.5/modules/air-gapped-installation/pages/additional-considerations.adoc,5161,NO,NO
additional-considerations.adoc,docs/server-admin-4.9/modules/air-gapped-installation/pages/additional-considerations.adoc,5155,NO,NO
additional-considerations.adoc,docs/server-admin-4.2/modules/air-gapped-installation/pages/additional-considerations.adoc,5154,NO,NO
convenience-images-support-policy.adoc,docs/guides/modules/execution-managed/pages/convenience-images-support-policy.adoc,5154,NO,NO
migrate-from-deploy-to-run.adoc,docs/guides/modules/orchestrate/pages/migrate-from-deploy-to-run.adoc,5154,NO,NO
additional-considerations.adoc,docs/server-admin-4.3/modules/air-gapped-installation/pages/additional-considerations.adoc,5137,NO,NO
inject-environment-variables-with-api.adoc,docs/guides/modules/security/pages/inject-environment-variables-with-api.adoc,5134,NO,NO
resource-class-overview.adoc,docs/guides/modules/execution-managed/pages/resource-class-overview.adoc,5080,NO,NO
next-gen-migration-guide.adoc,docs/guides/modules/execution-managed/pages/next-gen-migration-guide.adoc,5005,NO,NO
managing-api-tokens.adoc,docs/guides/modules/toolkit/pages/managing-api-tokens.adoc,4906,NO,NO
set-up-sso.adoc,docs/guides/modules/permissions-authentication/pages/set-up-sso.adoc,4868,NO,NO
manage-roles-and-permissions.adoc,docs/guides/modules/permissions-authentication/pages/manage-roles-and-permissions.adoc,4862,NO,NO
authorize-google-cloud-sdk.adoc,docs/guides/modules/integration/pages/authorize-google-cloud-sdk.adoc,4847,NO,NO
releases-troubleshoot.adoc,docs/guides/modules/ROOT/partials/troubleshoot/releases-troubleshoot.adoc,4847,NO,YES
machine-runner-3-manual-installation.adoc,docs/guides/modules/execution-runner/pages/machine-runner-3-manual-installation.adoc,4830,NO,NO
install-machine-runner-3-on-docker.adoc,docs/guides/modules/execution-runner/pages/install-machine-runner-3-on-docker.adoc,4824,NO,NO
jira-plugin.adoc,docs/guides/modules/integration/pages/jira-plugin.adoc,4800,NO,NO
troubleshooting-and-support.adoc,docs/server-admin-4.2/modules/operator/pages/troubleshooting-and-support.adoc,4789,NO,NO
sumo-logic-integration.adoc,docs/guides/modules/integration/pages/sumo-logic-integration.adoc,4734,NO,NO
deploy-to-artifactory.adoc,docs/guides/modules/deploy/pages/deploy-to-artifactory.adoc,4697,NO,NO
schedule-triggers-with-multiple-workflows.adoc,docs/guides/modules/orchestrate/pages/schedule-triggers-with-multiple-workflows.adoc,4664,NO,NO
backup-and-restore.adoc,docs/server-admin-4.4/modules/operator/pages/backup-and-restore.adoc,4660,NO,NO
backup-and-restore.adoc,docs/server-admin-4.5/modules/operator/pages/backup-and-restore.adoc,4660,NO,NO
backup-and-restore.adoc,docs/server-admin-4.6/modules/operator/pages/backup-and-restore.adoc,4660,NO,NO
backup-and-restore.adoc,docs/server-admin-4.2/modules/operator/pages/backup-and-restore.adoc,4655,NO,NO
backup-and-restore.adoc,docs/server-admin-4.3/modules/operator/pages/backup-and-restore.adoc,4638,NO,NO
config-editor.adoc,docs/guides/modules/getting-started/pages/config-editor.adoc,4615,NO,NO
windows-images-support-policy.adoc,docs/guides/modules/execution-managed/pages/windows-images-support-policy.adoc,4582,NO,NO
hello-world-macos.adoc,docs/guides/modules/execution-managed/pages/hello-world-macos.adoc,4574,NO,NO
migrate-scheduled-workflows-to-schedule-triggers.adoc,docs/guides/modules/orchestrate/pages/migrate-scheduled-workflows-to-schedule-triggers.adoc,4520,NO,NO
use-the-cli-for-config-and-policy-development.adoc,docs/guides/modules/config-policies/pages/use-the-cli-for-config-and-policy-development.adoc,4502,NO,NO
pull-an-image-from-aws-ecr-with-oidc.adoc,docs/guides/modules/permissions-authentication/pages/pull-an-image-from-aws-ecr-with-oidc.adoc,4493,NO,NO
invite-your-team.adoc,docs/guides/modules/getting-started/pages/invite-your-team.adoc,4461,NO,NO
hello-world-windows.adoc,docs/guides/modules/execution-managed/pages/hello-world-windows.adoc,4461,NO,NO
delete-organizations-and-projects.adoc,docs/guides/modules/security/pages/delete-organizations-and-projects.adoc,4428,NO,NO
phase-4-configure-nomad-clients.adoc,docs/server-admin-4.7/modules/air-gapped-installation/pages/phase-4-configure-nomad-clients.adoc,4419,NO,NO
phase-4-configure-nomad-clients.adoc,docs/server-admin-4.6/modules/air-gapped-installation/pages/phase-4-configure-nomad-clients.adoc,4419,NO,NO
security-supply-chain.adoc,docs/guides/modules/security/pages/security-supply-chain.adoc,4399,NO,NO
phase-4-configure-nomad-clients.adoc,docs/server-admin-4.8/modules/air-gapped-installation/pages/phase-4-configure-nomad-clients.adoc,4397,NO,NO
phase-4-configure-nomad-clients.adoc,docs/server-admin-4.9/modules/air-gapped-installation/pages/phase-4-configure-nomad-clients.adoc,4375,NO,NO
phase-4-configure-nomad-clients.adoc,docs/server-admin-4.4/modules/air-gapped-installation/pages/phase-4-configure-nomad-clients.adoc,4319,NO,NO
phase-4-configure-nomad-clients.adoc,docs/server-admin-4.5/modules/air-gapped-installation/pages/phase-4-configure-nomad-clients.adoc,4319,NO,NO
phase-4-configure-nomad-clients.adoc,docs/server-admin-4.2/modules/air-gapped-installation/pages/phase-4-configure-nomad-clients.adoc,4314,NO,NO
phase-4-configure-nomad-clients.adoc,docs/server-admin-4.3/modules/air-gapped-installation/pages/phase-4-configure-nomad-clients.adoc,4295,NO,NO
sso-overview.adoc,docs/guides/modules/permissions-authentication/pages/sso-overview.adoc,4276,NO,NO
auto-rerun-failed-tests.adoc,docs/guides/modules/test/pages/auto-rerun-failed-tests.adoc,4263,NO,NO
concurrency.adoc,docs/guides/modules/optimize/pages/concurrency.adoc,4256,NO,NO
using-shell-scripts.adoc,docs/guides/modules/orchestrate/pages/using-shell-scripts.adoc,4244,NO,NO
troubleshooting-and-support.adoc,docs/server-admin-4.7/modules/operator/pages/troubleshooting-and-support.adoc,4137,NO,NO
troubleshooting-and-support.adoc,docs/server-admin-4.6/modules/operator/pages/troubleshooting-and-support.adoc,4137,NO,NO
troubleshooting-and-support.adoc,docs/server-admin-4.5/modules/operator/pages/troubleshooting-and-support.adoc,4130,NO,NO
troubleshooting-and-support.adoc,docs/server-admin-4.4/modules/operator/pages/troubleshooting-and-support.adoc,4121,NO,NO
troubleshooting-and-support.adoc,docs/server-admin-4.8/modules/operator/pages/troubleshooting-and-support.adoc,4115,NO,NO
troubleshooting-and-support.adoc,docs/server-admin-4.3/modules/operator/pages/troubleshooting-and-support.adoc,4099,NO,NO
troubleshooting-and-support.adoc,docs/server-admin-4.9/modules/operator/pages/troubleshooting-and-support.adoc,4092,NO,NO
data-retention.adoc,docs/server-admin-4.8/modules/operator/pages/data-retention.adoc,4089,NO,NO
data-retention.adoc,docs/server-admin-4.9/modules/operator/pages/data-retention.adoc,4068,NO,NO
installation-reference.adoc,docs/server-admin-4.9/modules/installation/pages/installation-reference.adoc,4048,NO,NO
plan-performance.adoc,docs/guides/modules/plans-pricing/pages/plan-performance.adoc,4039,NO,NO
runner-concepts.adoc,docs/guides/modules/execution-runner/pages/runner-concepts.adoc,4033,NO,NO
linux-cuda-images-support-policy.adoc,docs/guides/modules/execution-managed/pages/linux-cuda-images-support-policy.adoc,4019,NO,NO
operator-overview.adoc,docs/server-admin-4.2/modules/operator/pages/operator-overview.adoc,4004,NO,NO
pull-an-image-from-gcp-gar-with-oidc.adoc,docs/guides/modules/permissions-authentication/pages/pull-an-image-from-gcp-gar-with-oidc.adoc,3979,NO,NO
deploy-to-firebase.adoc,docs/guides/modules/deploy/pages/deploy-to-firebase.adoc,3971,NO,NO
release-notes.adoc,docs/server-admin-4.3/modules/overview/pages/release-notes.adoc,3924,NO,NO
data-retention.adoc,docs/server-admin-4.7/modules/operator/pages/data-retention.adoc,3919,NO,NO
example-values.adoc,docs/server-admin-4.7/modules/air-gapped-installation/pages/example-values.adoc,3902,NO,NO
deploy-to-heroku.adoc,docs/guides/modules/deploy/pages/deploy-to-heroku.adoc,3875,NO,NO
deploy-to-cloud-foundry.adoc,docs/guides/modules/deploy/pages/deploy-to-cloud-foundry.adoc,3854,NO,NO
run-a-job-in-a-container.adoc,docs/guides/modules/execution-managed/pages/run-a-job-in-a-container.adoc,3834,NO,NO
using-linuxvm.adoc,docs/guides/modules/execution-managed/pages/using-linuxvm.adoc,3800,NO,NO
linux-vm-support-policy.adoc,docs/guides/modules/execution-managed/pages/linux-vm-support-policy.adoc,3798,NO,NO
manage-groups.adoc,docs/guides/modules/permissions-authentication/pages/manage-groups.adoc,3786,NO,NO
example-values.adoc,docs/server-admin-4.4/modules/air-gapped-installation/pages/example-values.adoc,3781,NO,NO
operator-overview.adoc,docs/server-admin-4.4/modules/operator/pages/operator-overview.adoc,3772,NO,NO
operator-overview.adoc,docs/server-admin-4.5/modules/operator/pages/operator-overview.adoc,3772,NO,NO
operator-overview.adoc,docs/server-admin-4.7/modules/operator/pages/operator-overview.adoc,3772,NO,NO
operator-overview.adoc,docs/server-admin-4.6/modules/operator/pages/operator-overview.adoc,3772,NO,NO
manage-budgets.adoc,docs/guides/modules/plans-pricing/pages/manage-budgets.adoc,3771,NO,NO
example-values.adoc,docs/server-admin-4.6/modules/air-gapped-installation/pages/example-values.adoc,3771,NO,NO
example-values.adoc,docs/server-admin-4.5/modules/air-gapped-installation/pages/example-values.adoc,3770,NO,NO
managing-orbs.adoc,docs/server-admin-4.4/modules/operator/pages/managing-orbs.adoc,3760,NO,NO
managing-orbs.adoc,docs/server-admin-4.2/modules/operator/pages/managing-orbs.adoc,3758,NO,NO
example-values.adoc,docs/server-admin-4.3/modules/air-gapped-installation/pages/example-values.adoc,3755,NO,NO
operator-overview.adoc,docs/server-admin-4.8/modules/operator/pages/operator-overview.adoc,3753,NO,NO
operator-overview.adoc,docs/server-admin-4.3/modules/operator/pages/operator-overview.adoc,3750,NO,NO
operator-overview.adoc,docs/server-admin-4.9/modules/operator/pages/operator-overview.adoc,3743,NO,NO
example-values.adoc,docs/server-admin-4.8/modules/air-gapped-installation/pages/example-values.adoc,3740,NO,NO
managing-orbs.adoc,docs/server-admin-4.3/modules/operator/pages/managing-orbs.adoc,3736,NO,NO
using-arm.adoc,docs/guides/modules/execution-managed/pages/using-arm.adoc,3723,NO,NO
example-values.adoc,docs/server-admin-4.9/modules/air-gapped-installation/pages/example-values.adoc,3716,NO,NO
example-values.adoc,docs/server-admin-4.2/modules/air-gapped-installation/pages/example-values.adoc,3709,NO,NO
set-up-schedule-trigger.adoc,docs/guides/modules/ROOT/partials/pipelines-and-triggers/set-up-schedule-trigger.adoc,3696,NO,YES
style-and-voice.adoc,docs/contributors/modules/docs-style/pages/style-and-voice.adoc,3680,NO,YES
orb-faq-snip.adoc,docs/guides/modules/ROOT/partials/faq/orb-faq-snip.adoc,3664,NO,YES
rename-organizations-and-repositories.adoc,docs/guides/modules/security/pages/rename-organizations-and-repositories.adoc,3659,NO,NO
plan-scale.adoc,docs/guides/modules/plans-pricing/pages/plan-scale.adoc,3631,NO,NO
upgrade-server.adoc,docs/server-admin-4.8/modules/installation/pages/upgrade-server.adoc,3626,NO,NO
upgrade-server.adoc,docs/server-admin-4.2/modules/installation/pages/upgrade-server.adoc,3613,NO,NO
upgrade-server.adoc,docs/server-admin-4.9/modules/installation/pages/upgrade-server.adoc,3610,NO,NO
migrate-from-launch-agent-to-machine-runner-3-on-linux.adoc,docs/guides/modules/execution-runner/pages/migrate-from-launch-agent-to-machine-runner-3-on-linux.adoc,3590,NO,NO
high-uid-error.adoc,docs/guides/modules/execution-managed/pages/high-uid-error.adoc,3584,NO,NO
managing-orbs.adoc,docs/server-admin-4.5/modules/operator/pages/managing-orbs.adoc,3546,NO,NO
managing-orbs.adoc,docs/server-admin-4.7/modules/operator/pages/managing-orbs.adoc,3546,NO,NO
managing-orbs.adoc,docs/server-admin-4.6/modules/operator/pages/managing-orbs.adoc,3546,NO,NO
deploy-to-google-cloud-platform.adoc,docs/guides/modules/deploy/pages/deploy-to-google-cloud-platform.adoc,3544,NO,NO
phase-1-prerequisites.adoc,docs/server-admin-4.9/modules/air-gapped-installation/pages/phase-1-prerequisites.adoc,3541,NO,NO
upgrade-server.adoc,docs/server-admin-4.7/modules/installation/pages/upgrade-server.adoc,3532,NO,NO
android-images-support-policy.adoc,docs/guides/modules/execution-managed/pages/android-images-support-policy.adoc,3517,NO,NO
oidc-tokens-with-custom-claims.adoc,docs/guides/modules/permissions-authentication/pages/oidc-tokens-with-custom-claims.adoc,3504,NO,NO
managing-orbs.adoc,docs/server-admin-4.8/modules/operator/pages/managing-orbs.adoc,3499,NO,NO
nav.adoc,docs/server-admin-4.9/modules/ROOT/nav.adoc,3479,NO,YES
nav.adoc,docs/server-admin-4.8/modules/ROOT/nav.adoc,3479,NO,YES
managing-orbs.adoc,docs/server-admin-4.9/modules/operator/pages/managing-orbs.adoc,3476,NO,NO
examples-and-guides-overview.adoc,docs/guides/modules/toolkit/pages/examples-and-guides-overview.adoc,3356,NO,NO
machine-runner-3-manual-installation-on-windows.adoc,docs/guides/modules/execution-runner/pages/machine-runner-3-manual-installation-on-windows.adoc,3335,NO,NO
about-circleci.adoc,docs/guides/modules/about-circleci/pages/about-circleci.adoc,3311,NO,NO
nav.adoc,docs/server-admin-4.7/modules/ROOT/nav.adoc,3290,NO,YES
credits.adoc,docs/guides/modules/plans-pricing/pages/credits.adoc,3280,NO,NO
managing-user-accounts.adoc,docs/server-admin-4.7/modules/operator/pages/managing-user-accounts.adoc,3224,NO,NO
managing-user-accounts.adoc,docs/server-admin-4.6/modules/operator/pages/managing-user-accounts.adoc,3224,NO,NO
managing-user-accounts.adoc,docs/server-admin-4.4/modules/operator/pages/managing-user-accounts.adoc,3223,NO,NO
managing-user-accounts.adoc,docs/server-admin-4.2/modules/operator/pages/managing-user-accounts.adoc,3223,NO,NO
managing-user-accounts.adoc,docs/server-admin-4.5/modules/operator/pages/managing-user-accounts.adoc,3223,NO,NO
managing-user-accounts.adoc,docs/server-admin-4.8/modules/operator/pages/managing-user-accounts.adoc,3211,NO,NO
upgrade-mongo.adoc,docs/server-admin-4.4/modules/operator/pages/upgrade-mongo.adoc,3201,NO,NO
managing-user-accounts.adoc,docs/server-admin-4.3/modules/operator/pages/managing-user-accounts.adoc,3201,NO,NO
upgrade-mongo.adoc,docs/server-admin-4.5/modules/operator/pages/upgrade-mongo.adoc,3201,NO,NO
upgrade-mongo.adoc,docs/server-admin-4.7/modules/operator/pages/upgrade-mongo.adoc,3201,NO,NO
upgrade-mongo.adoc,docs/server-admin-4.6/modules/operator/pages/upgrade-mongo.adoc,3201,NO,NO
runner-feature-comparison-matrix.adoc,docs/guides/modules/execution-runner/pages/runner-feature-comparison-matrix.adoc,3198,NO,NO
upgrade-mongo.adoc,docs/server-admin-4.2/modules/operator/pages/upgrade-mongo.adoc,3195,NO,NO
plan-overview.adoc,docs/guides/modules/plans-pricing/pages/plan-overview.adoc,3195,NO,NO
managing-user-accounts.adoc,docs/server-admin-4.9/modules/operator/pages/managing-user-accounts.adoc,3189,NO,NO
upgrade-mongo.adoc,docs/server-admin-4.3/modules/operator/pages/upgrade-mongo.adoc,3179,NO,NO
upgrade-mongo.adoc,docs/server-admin-4.8/modules/operator/pages/upgrade-mongo.adoc,3179,NO,NO
set-a-nightly-schedule-trigger.adoc,docs/guides/modules/orchestrate/pages/set-a-nightly-schedule-trigger.adoc,3149,NO,NO
security-overview.adoc,docs/guides/modules/security/pages/security-overview.adoc,3123,NO,NO
schedule-trigger-faq-snip.adoc,docs/guides/modules/ROOT/partials/faq/schedule-trigger-faq-snip.adoc,3105,NO,YES
upgrade-server.adoc,docs/server-admin-4.5/modules/installation/pages/upgrade-server.adoc,3097,NO,NO
upgrade-server.adoc,docs/server-admin-4.6/modules/installation/pages/upgrade-server.adoc,3097,NO,NO
test-page-one.adoc,docs/contributors/modules/templates/pages/test-page-one.adoc,3090,NO,NO
upgrade-server.adoc,docs/server-admin-4.4/modules/installation/pages/upgrade-server.adoc,3087,NO,NO
migrate-from-launch-agent-to-machine-runner-3-on-windows.adoc,docs/guides/modules/execution-runner/pages/migrate-from-launch-agent-to-machine-runner-3-on-windows.adoc,3034,NO,NO
release-agent-overview.adoc,docs/guides/modules/deploy/pages/release-agent-overview.adoc,2997,NO,NO
docker-to-machine.adoc,docs/guides/modules/execution-managed/pages/docker-to-machine.adoc,2985,NO,NO
sso-group-mapping.adoc,docs/guides/modules/permissions-authentication/pages/sso-group-mapping.adoc,2973,NO,NO
deploy-a-component.adoc,docs/guides/modules/deploy/pages/deploy-a-component.adoc,2888,NO,YES
installing-server-behind-a-proxy.adoc,docs/server-admin-4.2/modules/installation/pages/installing-server-behind-a-proxy.adoc,2878,NO,NO
launch-agent-download.adoc,docs/guides/modules/ROOT/partials/runner/launch-agent-download.adoc,2845,NO,YES
runner-scaling.adoc,docs/guides/modules/execution-runner/pages/runner-scaling.adoc,2784,NO,YES
using-gpu.adoc,docs/guides/modules/execution-managed/pages/using-gpu.adoc,2782,NO,NO
nav.adoc,docs/server-admin-4.4/modules/ROOT/nav.adoc,2779,NO,YES
nav.adoc,docs/server-admin-4.3/modules/ROOT/nav.adoc,2779,NO,YES
nav.adoc,docs/server-admin-4.5/modules/ROOT/nav.adoc,2779,NO,YES
nav.adoc,docs/server-admin-4.6/modules/ROOT/nav.adoc,2779,NO,YES
nav.adoc,docs/server-admin-4.2/modules/ROOT/nav.adoc,2761,NO,YES
insights.adoc,docs/guides/modules/insights/pages/insights.adoc,2747,NO,NO
intelligent-summaries.adoc,docs/guides/modules/toolkit/pages/intelligent-summaries.adoc,2734,NO,NO
release-notes.adoc,docs/server-admin-4.2/modules/overview/pages/release-notes.adoc,2728,NO,NO
use-smarter-testing-for-local-development.adoc,docs/guides/modules/test/pages/use-smarter-testing-for-local-development.adoc,2716,NO,NO
release-notes.adoc,docs/server-admin-4.7/modules/overview/pages/release-notes.adoc,2703,NO,NO
create-an-organization.adoc,docs/guides/modules/getting-started/pages/create-an-organization.adoc,2621,NO,NO
benefits-of-circleci.adoc,docs/guides/modules/about-circleci/pages/benefits-of-circleci.adoc,2606,NO,NO
installing-server-behind-a-proxy.adoc,docs/server-admin-4.4/modules/installation/pages/installing-server-behind-a-proxy.adoc,2605,NO,NO
release-notes.adoc,docs/server-admin-4.4/modules/overview/pages/release-notes.adoc,2592,NO,NO
selecting-a-workflow-to-run-using-pipeline-parameters.adoc,docs/guides/modules/orchestrate/pages/selecting-a-workflow-to-run-using-pipeline-parameters.adoc,2575,NO,NO
installing-server-behind-a-proxy.adoc,docs/server-admin-4.3/modules/installation/pages/installing-server-behind-a-proxy.adoc,2568,NO,NO
deploy-to-azure-container-registry.adoc,docs/guides/modules/deploy/pages/deploy-to-azure-container-registry.adoc,2568,NO,NO
install-machine-runner-3-on-linux.adoc,docs/guides/modules/execution-runner/pages/install-machine-runner-3-on-linux.adoc,2568,NO,NO
installing-server-behind-a-proxy.adoc,docs/server-admin-4.8/modules/installation/pages/installing-server-behind-a-proxy.adoc,2537,NO,NO
installing-server-behind-a-proxy.adoc,docs/server-admin-4.9/modules/installation/pages/installing-server-behind-a-proxy.adoc,2514,NO,NO
plan-server.adoc,docs/guides/modules/plans-pricing/pages/plan-server.adoc,2511,NO,NO
installing-server-behind-a-proxy.adoc,docs/server-admin-4.5/modules/installation/pages/installing-server-behind-a-proxy.adoc,2468,NO,NO
installing-server-behind-a-proxy.adoc,docs/server-admin-4.6/modules/installation/pages/installing-server-behind-a-proxy.adoc,2467,NO,NO
insights-tests.adoc,docs/guides/modules/insights/pages/insights-tests.adoc,2455,NO,NO
circleci-config-sdk.adoc,docs/guides/modules/toolkit/pages/circleci-config-sdk.adoc,2452,NO,NO
formatting.adoc,docs/contributors/modules/docs-style/pages/formatting.adoc,2408,NO,YES
installing-server-behind-a-proxy.adoc,docs/server-admin-4.7/modules/installation/pages/installing-server-behind-a-proxy.adoc,2407,NO,NO
api-intro.adoc,docs/guides/modules/toolkit/pages/api-intro.adoc,2352,NO,NO
phase-4-post-installation.adoc,docs/server-admin-4.2/modules/installation/pages/phase-4-post-installation.adoc,2351,NO,NO
phase-4-post-installation.adoc,docs/server-admin-4.5/modules/installation/pages/phase-4-post-installation.adoc,2346,NO,NO
phase-4-post-installation.adoc,docs/server-admin-4.6/modules/installation/pages/phase-4-post-installation.adoc,2346,NO,NO
features-of-circleci.adoc,docs/guides/modules/ROOT/partials/shared-sections/features-of-circleci.adoc,2335,NO,YES
deploy-over-ssh.adoc,docs/guides/modules/deploy/pages/deploy-over-ssh.adoc,2326,NO,NO
gitlab-trigger-options.adoc,docs/guides/modules/orchestrate/pages/gitlab-trigger-options.adoc,2326,NO,NO
phase-4-post-installation.adoc,docs/server-admin-4.4/modules/installation/pages/phase-4-post-installation.adoc,2322,NO,NO
phase-4-post-installation.adoc,docs/server-admin-4.3/modules/installation/pages/phase-4-post-installation.adoc,2300,NO,NO
xcode-silicon-vm.adoc,docs/guides/modules/ROOT/partials/execution-resources/xcode-silicon-vm.adoc,2295,NO,YES
phase-4.adoc,docs/server-admin-4.9/modules/ROOT/partials/installation/phase-4.adoc,2286,NO,YES
install-with-web-app-steps.adoc,docs/guides/modules/ROOT/partials/runner/install-with-web-app-steps.adoc,2274,NO,YES
phase-4.adoc,docs/server-admin-4.8/modules/ROOT/partials/installation/phase-4.adoc,2274,NO,YES
phase-4.adoc,docs/server-admin-4.7/modules/ROOT/partials/installation/phase-4.adoc,2264,NO,YES
install-with-cli-steps.adoc,docs/guides/modules/ROOT/partials/runner/install-with-cli-steps.adoc,2206,NO,YES
architecture-faq-snip.adoc,docs/guides/modules/ROOT/partials/faq/architecture-faq-snip.adoc,2201,NO,YES
prevent-unregistered-users-from-spending-credits.adoc,docs/guides/modules/plans-pricing/pages/prevent-unregistered-users-from-spending-credits.adoc,2196,NO,NO
using-matrix-jobs.adoc,docs/guides/modules/orchestrate/pages/using-matrix-jobs.adoc,2116,NO,NO
services-overview.adoc,docs/services/modules/ROOT/pages/services-overview.adoc,2115,NO,NO
deploy-to-npm-registry.adoc,docs/guides/modules/deploy/pages/deploy-to-npm-registry.adoc,2082,NO,NO
orb-types.adoc,docs/guides/modules/ROOT/partials/orbs/orb-types.adoc,2067,NO,YES
cancel-subscription-faq-snip.adoc,docs/guides/modules/ROOT/partials/faq/cancel-subscription-faq-snip.adoc,2054,NO,YES
config-review.adoc,docs/services/modules/services/pages/config-review.adoc,2022,NO,NO
custom-webhook-setup.adoc,docs/guides/modules/ROOT/partials/pipelines-and-triggers/custom-webhook-setup.adoc,2000,NO,YES
application-lifecycle.adoc,docs/server-admin-4.9/modules/operator/pages/application-lifecycle.adoc,1995,NO,NO
application-lifecycle.adoc,docs/server-admin-4.8/modules/operator/pages/application-lifecycle.adoc,1976,NO,NO
application-lifecycle.adoc,docs/server-admin-4.7/modules/operator/pages/application-lifecycle.adoc,1969,NO,NO
pipelines-faq-snip.adoc,docs/guides/modules/ROOT/partials/faq/pipelines-faq-snip.adoc,1958,NO,YES
new-relic-integration.adoc,docs/guides/modules/integration/pages/new-relic-integration.adoc,1932,NO,NO
datadog-integration.adoc,docs/guides/modules/integration/pages/datadog-integration.adoc,1907,NO,NO
sign-in-to-an-sso-enabled-organization.adoc,docs/guides/modules/permissions-authentication/pages/sign-in-to-an-sso-enabled-organization.adoc,1890,NO,NO
application-lifecycle.adoc,docs/server-admin-4.6/modules/operator/pages/application-lifecycle.adoc,1843,NO,NO
orb-type-comparison.adoc,docs/guides/modules/ROOT/partials/orbs/orb-type-comparison.adoc,1834,NO,YES
faq.adoc,docs/reference/modules/ROOT/pages/faq.adoc,1834,NO,NO
using-code-samples.adoc,docs/contributors/modules/docs-style/pages/using-code-samples.adoc,1823,NO,YES
application-lifecycle.adoc,docs/server-admin-4.5/modules/operator/pages/application-lifecycle.adoc,1812,NO,NO
release-notes.adoc,docs/server-admin-4.8/modules/overview/pages/release-notes.adoc,1793,NO,NO
general-faq-snip.adoc,docs/guides/modules/ROOT/partials/faq/general-faq-snip.adoc,1786,NO,YES
plan-free.adoc,docs/guides/modules/plans-pricing/pages/plan-free.adoc,1743,NO,NO
update-the-kubernetes-release-agent.adoc,docs/guides/modules/deploy/pages/update-the-kubernetes-release-agent.adoc,1728,NO,NO
managing-build-artifacts.adoc,docs/server-admin-4.7/modules/operator/pages/managing-build-artifacts.adoc,1724,NO,NO
managing-build-artifacts.adoc,docs/server-admin-4.6/modules/operator/pages/managing-build-artifacts.adoc,1724,NO,NO
managing-build-artifacts.adoc,docs/server-admin-4.2/modules/operator/pages/managing-build-artifacts.adoc,1712,NO,NO
migrate-from-launch-agent-to-machine-runner-3-on-macos.adoc,docs/guides/modules/execution-runner/pages/migrate-from-launch-agent-to-machine-runner-3-on-macos.adoc,1712,NO,NO
orb-troubleshoot-snip.adoc,docs/guides/modules/ROOT/partials/troubleshoot/orb-troubleshoot-snip.adoc,1709,NO,YES
managing-build-artifacts.adoc,docs/server-admin-4.9/modules/operator/pages/managing-build-artifacts.adoc,1709,NO,NO
terms.adoc,docs/guides/modules/ROOT/partials/runner/terms.adoc,1707,NO,YES
managing-build-artifacts.adoc,docs/server-admin-4.4/modules/operator/pages/managing-build-artifacts.adoc,1703,NO,NO
managing-build-artifacts.adoc,docs/server-admin-4.5/modules/operator/pages/managing-build-artifacts.adoc,1703,NO,NO
managing-build-artifacts.adoc,docs/server-admin-4.8/modules/operator/pages/managing-build-artifacts.adoc,1702,NO,NO
phase-5-test-your-installation.adoc,docs/server-admin-4.4/modules/air-gapped-installation/pages/phase-5-test-your-installation.adoc,1686,NO,NO
phase-5-test-your-installation.adoc,docs/server-admin-4.5/modules/air-gapped-installation/pages/phase-5-test-your-installation.adoc,1686,NO,NO
phase-5-test-your-installation.adoc,docs/server-admin-4.7/modules/air-gapped-installation/pages/phase-5-test-your-installation.adoc,1686,NO,NO
phase-5-test-your-installation.adoc,docs/server-admin-4.6/modules/air-gapped-installation/pages/phase-5-test-your-installation.adoc,1686,NO,NO
managing-build-artifacts.adoc,docs/server-admin-4.3/modules/operator/pages/managing-build-artifacts.adoc,1681,NO,NO
phase-5-test-your-installation.adoc,docs/server-admin-4.2/modules/air-gapped-installation/pages/phase-5-test-your-installation.adoc,1679,NO,NO
phase-5-test-your-installation.adoc,docs/server-admin-4.8/modules/air-gapped-installation/pages/phase-5-test-your-installation.adoc,1664,NO,NO
phase-5-test-your-installation.adoc,docs/server-admin-4.3/modules/air-gapped-installation/pages/phase-5-test-your-installation.adoc,1660,NO,NO
release-notes.adoc,docs/server-admin-4.5/modules/overview/pages/release-notes.adoc,1654,NO,NO
phase-5-test-your-installation.adoc,docs/server-admin-4.9/modules/air-gapped-installation/pages/phase-5-test-your-installation.adoc,1642,NO,NO
machine-runner-deb-package-install.adoc,docs/guides/modules/ROOT/partials/runner/machine-runner-deb-package-install.adoc,1633,NO,YES
managing-load-balancers.adoc,docs/server-admin-4.6/modules/operator/pages/managing-load-balancers.adoc,1579,NO,NO
steps-up-to-pipeline.adoc,docs/guides/modules/ROOT/partials/create-project/steps-up-to-pipeline.adoc,1569,NO,YES
managing-load-balancers.adoc,docs/server-admin-4.7/modules/operator/pages/managing-load-balancers.adoc,1569,NO,NO
open-source.adoc,docs/guides/modules/about-circleci/pages/open-source.adoc,1556,NO,NO
managing-load-balancers.adoc,docs/server-admin-4.4/modules/operator/pages/managing-load-balancers.adoc,1554,NO,NO
managing-load-balancers.adoc,docs/server-admin-4.5/modules/operator/pages/managing-load-balancers.adoc,1554,NO,NO
dynamic-configuration-faq-snip.adoc,docs/guides/modules/ROOT/partials/faq/dynamic-configuration-faq-snip.adoc,1553,NO,YES
secrets-masking.adoc,docs/guides/modules/ROOT/partials/shared-sections/secrets-masking.adoc,1548,NO,YES
managing-load-balancers.adoc,docs/server-admin-4.8/modules/operator/pages/managing-load-balancers.adoc,1547,NO,NO
managing-load-balancers.adoc,docs/server-admin-4.2/modules/operator/pages/managing-load-balancers.adoc,1545,NO,NO
release-notes.adoc,docs/server-admin-4.6/modules/overview/pages/release-notes.adoc,1545,NO,NO
managing-load-balancers.adoc,docs/server-admin-4.3/modules/operator/pages/managing-load-balancers.adoc,1533,NO,NO
managing-load-balancers.adoc,docs/server-admin-4.9/modules/operator/pages/managing-load-balancers.adoc,1525,NO,NO
title-badges.adoc,docs/contributors/modules/docs-style/pages/title-badges.adoc,1439,NO,YES
using-tables.adoc,docs/contributors/modules/docs-style/pages/using-tables.adoc,1402,NO,YES
monitoring-stack-reference-helm-chart.adoc,docs/server-admin-4.8/modules/operator/pages/monitoring-stack-reference-helm-chart.adoc,1396,NO,NO
monitoring-stack-reference-helm-chart.adoc,docs/server-admin-4.9/modules/operator/pages/monitoring-stack-reference-helm-chart.adoc,1378,NO,NO
deploy-to-capistrano.adoc,docs/guides/modules/deploy/pages/deploy-to-capistrano.adoc,1327,NO,NO
smarter-testing.adoc,docs/guides/modules/test/pages/smarter-testing.adoc,1288,NO,NO
technical-consultation.adoc,docs/services/modules/services/pages/technical-consultation.adoc,1277,NO,NO
links.adoc,docs/contributors/modules/docs-style/pages/links.adoc,1264,NO,YES
stop-building-a-project-on-circleci.adoc,docs/guides/modules/security/pages/stop-building-a-project-on-circleci.adoc,1238,NO,NO
cost-optimization.adoc,docs/services/modules/services/pages/cost-optimization.adoc,1223,NO,NO
application-lifecycle.adoc,docs/server-admin-4.2/modules/operator/pages/application-lifecycle.adoc,1205,NO,NO
application-lifecycle.adoc,docs/server-admin-4.4/modules/operator/pages/application-lifecycle.adoc,1197,NO,NO
headings.adoc,docs/contributors/modules/docs-style/pages/headings.adoc,1185,NO,YES
application-lifecycle.adoc,docs/server-admin-4.3/modules/operator/pages/application-lifecycle.adoc,1175,NO,NO
workflows-faq-snip.adoc,docs/guides/modules/ROOT/partials/faq/workflows-faq-snip.adoc,1138,NO,YES
server-installation.adoc,docs/services/modules/services/pages/server-installation.adoc,1110,NO,NO
release-notes.adoc,docs/server-admin-4.9/modules/overview/pages/release-notes.adoc,1087,NO,NO
host-faq-snip.adoc,docs/guides/modules/ROOT/partials/faq/host-faq-snip.adoc,1064,NO,YES
using-branch-filters.adoc,docs/guides/modules/orchestrate/pages/using-branch-filters.adoc,1054,NO,NO
docker-arm-resource-table.adoc,docs/guides/modules/ROOT/partials/execution-resources/docker-arm-resource-table.adoc,1052,NO,YES
optimization-assistance.adoc,docs/services/modules/services/pages/optimization-assistance.adoc,1039,NO,NO
nav.adoc,docs/services/modules/ROOT/nav.adoc,1035,NO,YES
config-translation.adoc,docs/services/modules/services/pages/config-translation.adoc,1034,NO,NO
server-migration.adoc,docs/services/modules/services/pages/server-migration.adoc,1021,NO,NO
reusable-config-training.adoc,docs/services/modules/services/pages/reusable-config-training.adoc,1017,NO,NO
migration-assistance.adoc,docs/services/modules/services/pages/migration-assistance.adoc,1009,NO,NO
machine-runner-rpm-package-install.adoc,docs/guides/modules/ROOT/partials/runner/machine-runner-rpm-package-install.adoc,995,NO,YES
operators.adoc,docs/guides/modules/ROOT/partials/using-expressions/operators.adoc,962,NO,YES
onboarding-assistance.adoc,docs/services/modules/services/pages/onboarding-assistance.adoc,960,NO,NO
machine-runner-example.adoc,docs/guides/modules/ROOT/partials/runner/machine-runner-example.adoc,949,NO,YES
general-developer-training.adoc,docs/services/modules/services/pages/general-developer-training.adoc,941,NO,NO
orb-author-faq.adoc,docs/orbs/modules/author/pages/orb-author-faq.adoc,931,NO,NO
orbs-faq.adoc,docs/orbs/modules/use/pages/orbs-faq.adoc,920,NO,NO
check-github-type.adoc,docs/guides/modules/ROOT/partials/tips/check-github-type.adoc,913,NO,YES
custom-service.adoc,docs/services/modules/services/pages/custom-service.adoc,903,NO,NO
gpu-linux-resource-table.adoc,docs/guides/modules/ROOT/partials/execution-resources/gpu-linux-resource-table.adoc,879,NO,YES
server-operator-training.adoc,docs/services/modules/services/pages/server-operator-training.adoc,877,NO,NO
docker-resource-table.adoc,docs/guides/modules/ROOT/partials/execution-resources/docker-resource-table.adoc,868,NO,YES
nav.adoc,docs/reference/modules/ROOT/nav.adoc,861,NO,YES
nav.adoc,docs/contributors/modules/ROOT/nav.adoc,847,NO,YES
using-lists.adoc,docs/contributors/modules/docs-style/pages/using-lists.adoc,803,NO,YES
index.adoc,docs/contributors/modules/docs-style/pages/index.adoc,765,NO,NO
nav.adoc,docs/orbs/modules/ROOT/nav.adoc,764,NO,YES
troubleshoot.adoc,docs/reference/modules/ROOT/pages/troubleshoot.adoc,760,NO,NO
phase-1-aws-prerequisites.adoc,docs/server-admin-4.7/modules/installation/pages/phase-1-aws-prerequisites.adoc,750,NO,NO
phase-1-gcp-prerequisites.adoc,docs/server-admin-4.7/modules/installation/pages/phase-1-gcp-prerequisites.adoc,750,NO,NO
migration-faq-snip.adoc,docs/guides/modules/ROOT/partials/faq/migration-faq-snip.adoc,743,NO,YES
user-authentication.adoc,docs/server-admin-4.4/modules/operator/pages/user-authentication.adoc,733,NO,NO
user-authentication.adoc,docs/server-admin-4.5/modules/operator/pages/user-authentication.adoc,733,NO,NO
find-project-slug.adoc,docs/guides/modules/ROOT/partials/tips/find-project-slug.adoc,729,NO,YES
user-authentication.adoc,docs/server-admin-4.2/modules/operator/pages/user-authentication.adoc,728,NO,NO
phase-1-aws-prerequisites.adoc,docs/server-admin-4.8/modules/installation/pages/phase-1-aws-prerequisites.adoc,728,NO,NO
phase-1-gcp-prerequisites.adoc,docs/server-admin-4.8/modules/installation/pages/phase-1-gcp-prerequisites.adoc,728,NO,NO
user-authentication.adoc,docs/server-admin-4.7/modules/operator/pages/user-authentication.adoc,723,NO,NO
user-authentication.adoc,docs/server-admin-4.6/modules/operator/pages/user-authentication.adoc,723,NO,NO
usage-api-training.adoc,docs/services/modules/services/pages/usage-api-training.adoc,722,NO,NO
user-authentication.adoc,docs/server-admin-4.3/modules/operator/pages/user-authentication.adoc,711,NO,NO
usage-data-collection.adoc,docs/server-admin-4.7/modules/operator/pages/usage-data-collection.adoc,708,NO,NO
usage-data-collection.adoc,docs/server-admin-4.6/modules/operator/pages/usage-data-collection.adoc,708,NO,NO
phase-1-aws-prerequisites.adoc,docs/server-admin-4.9/modules/installation/pages/phase-1-aws-prerequisites.adoc,706,NO,NO
phase-1-gcp-prerequisites.adoc,docs/server-admin-4.9/modules/installation/pages/phase-1-gcp-prerequisites.adoc,706,NO,NO
user-authentication.adoc,docs/server-admin-4.8/modules/operator/pages/user-authentication.adoc,706,NO,NO
chunk.adoc,docs/guides/modules/ROOT/partials/faq/chunk.adoc,699,NO,YES
usage-data-collection.adoc,docs/server-admin-4.4/modules/operator/pages/usage-data-collection.adoc,696,NO,NO
usage-data-collection.adoc,docs/server-admin-4.2/modules/operator/pages/usage-data-collection.adoc,696,NO,NO
usage-data-collection.adoc,docs/server-admin-4.5/modules/operator/pages/usage-data-collection.adoc,696,NO,NO
circleci-image-updater.adoc,docs/guides/modules/toolkit/pages/circleci-image-updater.adoc,694,NO,NO
faq.adoc,docs/server-admin-4.7/modules/operator/pages/faq.adoc,691,NO,NO
usage-data-collection.adoc,docs/server-admin-4.8/modules/operator/pages/usage-data-collection.adoc,686,NO,NO
user-authentication.adoc,docs/server-admin-4.9/modules/operator/pages/user-authentication.adoc,684,NO,NO
phase-2-aws-core-services.adoc,docs/server-admin-4.7/modules/installation/pages/phase-2-aws-core-services.adoc,675,NO,NO
phase-2-gcp-core-services.adoc,docs/server-admin-4.7/modules/installation/pages/phase-2-gcp-core-services.adoc,675,NO,NO
usage-data-collection.adoc,docs/server-admin-4.3/modules/operator/pages/usage-data-collection.adoc,674,NO,NO
phase-3-gcp-execution-environments.adoc,docs/server-admin-4.8/modules/installation/pages/phase-3-gcp-execution-environments.adoc,671,NO,NO
phase-3-aws-execution-environments.adoc,docs/server-admin-4.8/modules/installation/pages/phase-3-aws-execution-environments.adoc,671,NO,NO
faq.adoc,docs/server-admin-4.8/modules/operator/pages/faq.adoc,667,NO,NO
phase-4-gcp-post-installation.adoc,docs/server-admin-4.7/modules/installation/pages/phase-4-gcp-post-installation.adoc,665,NO,NO
phase-4-aws-post-installation.adoc,docs/server-admin-4.7/modules/installation/pages/phase-4-aws-post-installation.adoc,665,NO,NO
usage-data-collection.adoc,docs/server-admin-4.9/modules/operator/pages/usage-data-collection.adoc,663,NO,NO
faq.adoc,docs/server-admin-4.2/modules/operator/pages/faq.adoc,662,NO,NO
faq.adoc,docs/server-admin-4.6/modules/operator/pages/faq.adoc,655,NO,NO
faq.adoc,docs/server-admin-4.4/modules/operator/pages/faq.adoc,654,NO,NO
faq.adoc,docs/server-admin-4.5/modules/operator/pages/faq.adoc,654,NO,NO
phase-2-aws-core-services.adoc,docs/server-admin-4.8/modules/installation/pages/phase-2-aws-core-services.adoc,653,NO,NO
phase-2-gcp-core-services.adoc,docs/server-admin-4.8/modules/installation/pages/phase-2-gcp-core-services.adoc,653,NO,NO
phase-3-gcp-execution-environments.adoc,docs/server-admin-4.9/modules/installation/pages/phase-3-gcp-execution-environments.adoc,649,NO,NO
phase-3-aws-execution-environments.adoc,docs/server-admin-4.9/modules/installation/pages/phase-3-aws-execution-environments.adoc,649,NO,NO
phase-4-gcp-post-installation.adoc,docs/server-admin-4.8/modules/installation/pages/phase-4-gcp-post-installation.adoc,644,NO,NO
phase-4-aws-post-installation.adoc,docs/server-admin-4.8/modules/installation/pages/phase-4-aws-post-installation.adoc,644,NO,NO
faq.adoc,docs/server-admin-4.9/modules/operator/pages/faq.adoc,643,NO,NO
phase-2-aws-core-services.adoc,docs/server-admin-4.9/modules/installation/pages/phase-2-aws-core-services.adoc,631,NO,NO
phase-2-gcp-core-services.adoc,docs/server-admin-4.9/modules/installation/pages/phase-2-gcp-core-services.adoc,631,NO,NO
faq.adoc,docs/server-admin-4.3/modules/operator/pages/faq.adoc,630,NO,NO
windows-resource-table.adoc,docs/guides/modules/ROOT/partials/execution-resources/windows-resource-table.adoc,624,NO,YES
phase-4-gcp-post-installation.adoc,docs/server-admin-4.9/modules/installation/pages/phase-4-gcp-post-installation.adoc,622,NO,NO
phase-4-aws-post-installation.adoc,docs/server-admin-4.9/modules/installation/pages/phase-4-aws-post-installation.adoc,622,NO,NO
standalone-unsupported.adoc,docs/guides/modules/ROOT/partials/notes/standalone-unsupported.adoc,608,NO,YES
phase-3-gcp-execution-environments.adoc,docs/server-admin-4.7/modules/installation/pages/phase-3-gcp-execution-environments.adoc,606,NO,YES
phase-3-aws-execution-environments.adoc,docs/server-admin-4.7/modules/installation/pages/phase-3-aws-execution-environments.adoc,606,NO,YES
container-runner-prereq.adoc,docs/guides/modules/ROOT/partials/runner/container-runner-prereq.adoc,604,NO,YES
arm-resource-table.adoc,docs/guides/modules/ROOT/partials/execution-resources/arm-resource-table.adoc,603,NO,YES
machine-gen2-resource-table.adoc,docs/guides/modules/ROOT/partials/execution-resources/machine-gen2-resource-table.adoc,559,NO,YES
machine-resource-table.adoc,docs/guides/modules/ROOT/partials/execution-resources/machine-resource-table.adoc,545,NO,YES
resource-class-view.adoc,docs/guides/modules/ROOT/partials/execution-resources/resource-class-view.adoc,511,NO,YES
env-vars-in-conditional-caveat.adoc,docs/guides/modules/ROOT/partials/using-expressions/env-vars-in-conditional-caveat.adoc,483,NO,YES
steps-to-project-settings.adoc,docs/guides/modules/ROOT/partials/app-navigation/steps-to-project-settings.adoc,456,NO,YES
check-org-type.adoc,docs/guides/modules/ROOT/partials/tips/check-org-type.adoc,448,NO,YES
trigger-pipeline-with-parameters.adoc,docs/guides/modules/ROOT/partials/tips/trigger-pipeline-with-parameters.adoc,435,NO,YES
runner-faqs.adoc,docs/guides/modules/execution-runner/pages/runner-faqs.adoc,408,NO,NO
check-github-type-org.adoc,docs/guides/modules/ROOT/partials/tips/check-github-type-org.adoc,389,NO,YES
docker-auth.adoc,docs/guides/modules/ROOT/partials/notes/docker-auth.adoc,382,NO,YES
env-var-or-context.adoc,docs/guides/modules/ROOT/partials/tips/env-var-or-context.adoc,372,NO,YES
troubleshoot-self-hosted-runner.adoc,docs/guides/modules/execution-runner/pages/troubleshoot-self-hosted-runner.adoc,331,NO,NO
macos-resource-table.adoc,docs/guides/modules/ROOT/partials/execution-resources/macos-resource-table.adoc,281,NO,YES
gpu-windows-resource-table.adoc,docs/guides/modules/ROOT/partials/execution-resources/gpu-windows-resource-table.adoc,279,NO,YES
insights-snapshot-badge.adoc,docs/guides/modules/insights/pages/insights-snapshot-badge.adoc,265,NO,NO
find-organization-id.adoc,docs/guides/modules/ROOT/partials/notes/find-organization-id.adoc,237,NO,YES
supported-versions.adoc,docs/guides/modules/ROOT/partials/deploy/supported-versions.adoc,194,NO,YES
linux-cuda-deprecation-notice.adoc,docs/guides/modules/ROOT/partials/execution-resources/linux-cuda-deprecation-notice.adoc,193,NO,YES
api-homepage.adoc,docs/reference/modules/ROOT/pages/api-homepage.adoc,162,NO,YES
server-api-examples.adoc,docs/guides/modules/ROOT/partials/notes/server-api-examples.adoc,155,NO,YES
index.adoc,docs/root/modules/ROOT/pages/index.adoc,91,NO,YES
add-version-number.adoc,docs/guides/modules/ROOT/partials/tips/add-version-number.adoc,67,NO,YES
